Id,UserName,Password,Email,PhoneNumber
0,Mariam,Maryam123,maryam@gmail.com,01152195513
1,Hagar Galal,Hagar123,Hagar@gamil.com,01556625896
2,Omar,Omarr1212,Omar@gamil.com,01219863325
3199,Manal,ManalOH123,Manal@gmail.com,01189752236
3252,Shosho,alshimaa125,shosho@gmail.com,01185963345
4491,Mohamed,mohy123123,mmm@gamil.com,01256996958
4514,hany,hanyhany1,hany@gmail.com,01589774862
5908,alaa,alaa123123,alaa@gmail.com,01152195513
8650,Sandy,Samar4444,Samar@gmail.com,01115096605
